{"cameraMode":{"drawMode":0,"name":"Shaded","section":"Shading Mode"},"sceneLighting":false,"audioPlay":false,"sceneViewState":{"showFog":false,"showMaterialUpdate":false,"showSkybox":false,"showFlares":false,"showImageEffects":false,"showParticleSystems":false},"in2DMode":false,"pivot":{"x":-3.2890782356262209,"y":-0.3580452501773834,"z":0.4857928454875946},"rotation":{"x":-0.29854464530944826,"y":0.35130876302719118,"z":-0.1192936971783638,"w":-0.8793306350708008},"size":12.857492446899414,"orthographic":false}