{"cameraMode":{"drawMode":0,"name":"Shaded","section":"Shading Mode"},"sceneLighting":true,"audioPlay":false,"sceneViewState":{"showFog":false,"showMaterialUpdate":false,"showSkybox":false,"showFlares":false,"showImageEffects":false,"showParticleSystems":false},"in2DMode":false,"pivot":{"x":4.397471904754639,"y":-0.12807941436767579,"z":0.5611238479614258},"rotation":{"x":-0.13812875747680665,"y":0.13091833889484406,"z":-0.01844123937189579,"w":-0.9815502166748047},"size":16.905628204345704,"orthographic":false}