{"cameraMode":{"drawMode":0,"name":"Shaded","section":"Shading Mode"},"sceneLighting":false,"audioPlay":false,"sceneViewState":{"showFog":false,"showMaterialUpdate":false,"showSkybox":false,"showFlares":false,"showImageEffects":false,"showParticleSystems":false},"in2DMode":false,"pivot":{"x":0.01785757951438427,"y":0.02400146797299385,"z":0.05270164832472801},"rotation":{"x":-0.03894500061869621,"y":0.13359248638153077,"z":-0.005265188403427601,"w":-0.9902569055557251},"size":7.74432897567749,"orthographic":false}